{
  "project_info": {
    "project_number": "280058438420",
    "project_id": "loginfirebase-4d82b",
    "storage_bucket": "loginfirebase-4d82b.firebasestorage.app"
  },
  "client": [
    {
      "client_info": {
        "mobilesdk_app_id": "1:280058438420:android:b63d17976b30b01dde9801",
        "android_client_info": {
          "package_name": "lgg.compan.desafio02dsm"
        }
      },
      "oauth_client": [],
      "api_key": [
        {
          "current_key": "AIzaSyAlc96tbtjpiYWkRYyhor74UyY016nfc9w"
        }
      ],
      "services": {
        "appinvite_service": {
          "other_platform_oauth_client": []
        }
      }
    }
  ],
  "configuration_version": "1"
}